[
  {
    "id": "5b799818-23b8-49f7-89f5-470fd7e148fc",
    "data": [
      {
        "text": "hospedajes",
        "userDefined": false
      }
    ],
    "isTemplate": false,
    "count": 0,
    "lang": "en",
    "updated": 0
  },
  {
    "id": "45c54a87-7152-4c24-813a-4ab102f93d08",
    "data": [
      {
        "text": "I\u0027m looking to book a room",
        "userDefined": false
      }
    ],
    "isTemplate": false,
    "count": 0,
    "lang": "en",
    "updated": 0
  },
  {
    "id": "1d2a29b6-875e-4397-b33c-d72ce7fba8a2",
    "data": [
      {
        "text": "i want to book an accommodation",
        "userDefined": false
      }
    ],
    "isTemplate": false,
    "count": 0,
    "lang": "en",
    "updated": 0
  },
  {
    "id": "e4fd1b58-a59e-4bc0-a9c6-91629af5eadc",
    "data": [
      {
        "text": "Accommodations in ",
        "userDefined": false
      },
      {
        "text": "Sydney",
        "meta": "@sys.geo-city",
        "alias": "geo-city",
        "userDefined": false
      }
    ],
    "isTemplate": false,
    "count": 0,
    "lang": "en",
    "updated": 0
  },
  {
    "id": "d98b3500-f0ad-4dbb-ae0c-ca946503b2d2",
    "data": [
      {
        "text": "Accommodations in ",
        "userDefined": false
      },
      {
        "text": "Perth",
        "meta": "@sys.geo-city",
        "alias": "geo-city",
        "userDefined": false
      }
    ],
    "isTemplate": false,
    "count": 0,
    "lang": "en",
    "updated": 0
  },
  {
    "id": "597fc625-213d-452f-8d9f-6b7a00fe8b41",
    "data": [
      {
        "text": "Accommodations in ",
        "userDefined": false
      },
      {
        "text": "Saint kilda",
        "meta": "@sys.geo-city",
        "alias": "geo-city",
        "userDefined": false
      },
      {
        "text": " road",
        "userDefined": false
      }
    ],
    "isTemplate": false,
    "count": 0,
    "lang": "en",
    "updated": 0
  },
  {
    "id": "7181e3ac-b373-42e9-88eb-fd142121dc61",
    "data": [
      {
        "text": "Accommodations in ",
        "userDefined": false
      },
      {
        "text": "Melbourne",
        "meta": "@sys.geo-city",
        "alias": "geo-city",
        "userDefined": false
      }
    ],
    "isTemplate": false,
    "count": 0,
    "lang": "en",
    "updated": 0
  },
  {
    "id": "bff399f9-0f60-4984-bd80-c273a8ac5aad",
    "data": [
      {
        "text": "Accommodations",
        "userDefined": false
      }
    ],
    "isTemplate": false,
    "count": 0,
    "lang": "en",
    "updated": 0
  },
  {
    "id": "6e034d5b-6afc-44a6-a469-ce7341d62645",
    "data": [
      {
        "text": "Accommodations 📍",
        "userDefined": false
      }
    ],
    "isTemplate": false,
    "count": 0,
    "lang": "en",
    "updated": 0
  }
]