[
  {
    "id": "0aff2841-ebe4-440a-bbf6-96156b9e4068",
    "data": [
      {
        "text": "Queen Street looks nice",
        "userDefined": false
      }
    ],
    "isTemplate": false,
    "count": 0,
    "lang": "en",
    "updated": 0
  },
  {
    "id": "30ebe4ee-cfb0-4bc4-801a-ce39987d7462",
    "data": [
      {
        "text": "Queen Street",
        "userDefined": false
      }
    ],
    "isTemplate": false,
    "count": 0,
    "lang": "en",
    "updated": 0
  },
  {
    "id": "c47a390b-0f59-467c-ae0c-5d5633f8f701",
    "data": [
      {
        "text": "Whiteman Street",
        "userDefined": false
      }
    ],
    "isTemplate": false,
    "count": 0,
    "lang": "en",
    "updated": 0
  },
  {
    "id": "92ab99a0-cc43-4b88-9f40-7f3a40ad36a7",
    "data": [
      {
        "text": "Coventry Street",
        "userDefined": false
      }
    ],
    "isTemplate": false,
    "count": 0,
    "lang": "en",
    "updated": 0
  },
  {
    "id": "b9c9cc8d-5080-4340-b31f-85dd5bc15834",
    "data": [
      {
        "text": "77 coventry street",
        "userDefined": false
      }
    ],
    "isTemplate": false,
    "count": 0,
    "lang": "en",
    "updated": 0
  },
  {
    "id": "e0b028a8-6eec-4220-a2f2-ea41f5b98a1b",
    "data": [
      {
        "text": "265",
        "meta": "@sys.number",
        "alias": "number",
        "userDefined": false
      },
      {
        "text": " exibition st",
        "userDefined": false
      }
    ],
    "isTemplate": false,
    "count": 0,
    "lang": "en",
    "updated": 0
  },
  {
    "id": "c58ed9f5-01e8-4abf-a297-d1fb8dbefe95",
    "data": [
      {
        "text": "book inspection in 77 coventry st",
        "userDefined": false
      }
    ],
    "isTemplate": false,
    "count": 0,
    "lang": "en",
    "updated": 0
  },
  {
    "id": "a005872d-254c-4ed6-8366-bb20712e3fab",
    "data": [
      {
        "text": "book inspection in ",
        "userDefined": false
      },
      {
        "text": "598 St",
        "meta": "@sys.unit-weight",
        "alias": "unit-weight",
        "userDefined": false
      },
      {
        "text": " Kilda Road",
        "userDefined": false
      }
    ],
    "isTemplate": false,
    "count": 0,
    "lang": "en",
    "updated": 0
  },
  {
    "id": "896a50f8-37c9-449f-a830-f9cd5eb308c4",
    "data": [
      {
        "text": "book inspection in 265 exibition st",
        "userDefined": false
      }
    ],
    "isTemplate": false,
    "count": 0,
    "lang": "en",
    "updated": 0
  },
  {
    "id": "0931e680-fa44-4106-a862-1531963dd83d",
    "data": [
      {
        "text": "book for ",
        "userDefined": false
      },
      {
        "text": "tomorrow",
        "meta": "@sys.date",
        "alias": "date",
        "userDefined": false
      },
      {
        "text": " at ",
        "userDefined": false
      },
      {
        "text": "3 p.m.",
        "meta": "@sys.any",
        "alias": "any",
        "userDefined": true
      }
    ],
    "isTemplate": false,
    "count": 0,
    "lang": "en",
    "updated": 0
  },
  {
    "id": "adc89e90-3466-4765-a815-c20e726630cc",
    "data": [
      {
        "text": "book now i\u0027m passing ",
        "userDefined": false
      },
      {
        "text": "tomorrow",
        "meta": "@sys.date",
        "alias": "date",
        "userDefined": true
      }
    ],
    "isTemplate": false,
    "count": 0,
    "lang": "en",
    "updated": 0
  },
  {
    "id": "0c1162a9-1430-4b4f-9dbf-cc01683529ab",
    "data": [
      {
        "text": "book now a inspection ",
        "userDefined": false
      },
      {
        "text": "09/09/2020",
        "meta": "@sys.date",
        "alias": "date",
        "userDefined": true
      },
      {
        "text": " ",
        "userDefined": false
      },
      {
        "text": "leo",
        "meta": "@sys.given-name",
        "alias": "given-name",
        "userDefined": true
      },
      {
        "text": " ",
        "userDefined": false
      },
      {
        "text": "e@mail.com",
        "meta": "@sys.email",
        "alias": "email",
        "userDefined": true
      },
      {
        "text": " ",
        "userDefined": false
      },
      {
        "text": "647652904",
        "meta": "@sys.phone-number",
        "alias": "phone-number",
        "userDefined": true
      }
    ],
    "isTemplate": false,
    "count": 0,
    "lang": "en",
    "updated": 0
  }
]