[
  {
    "id": "744b0729-0986-4d57-88bd-8b71f4d65674",
    "data": [
      {
        "text": "aplicar a visa ",
        "userDefined": false
      },
      {
        "text": "leo@gm.com",
        "meta": "@sys.email",
        "alias": "email",
        "userDefined": true
      },
      {
        "text": " ",
        "userDefined": false
      },
      {
        "text": "leandro",
        "meta": "@sys.given-name",
        "alias": "name",
        "userDefined": true
      },
      {
        "text": " ",
        "userDefined": false
      },
      {
        "text": "87150678",
        "meta": "@sys.number",
        "alias": "cel",
        "userDefined": true
      },
      {
        "text": " ",
        "userDefined": false
      },
      {
        "text": "30404040",
        "meta": "@sys.number",
        "alias": "cedula",
        "userDefined": true
      },
      {
        "text": " ",
        "userDefined": false
      },
      {
        "text": "any",
        "meta": "@sys.any",
        "alias": "expire",
        "userDefined": true
      },
      {
        "text": " ",
        "userDefined": false
      },
      {
        "text": "h",
        "meta": "@sys.any",
        "alias": "gender",
        "userDefined": true
      },
      {
        "text": " ",
        "userDefined": false
      },
      {
        "text": "11/20/2020",
        "meta": "@sys.date",
        "alias": "date",
        "userDefined": true
      },
      {
        "text": " ",
        "userDefined": false
      },
      {
        "text": "costa rica",
        "meta": "@sys.geo-country",
        "alias": "pais",
        "userDefined": true
      },
      {
        "text": " ",
        "userDefined": false
      },
      {
        "text": "status",
        "meta": "@sys.any",
        "alias": "status",
        "userDefined": true
      },
      {
        "text": " ",
        "userDefined": false
      },
      {
        "text": "estado",
        "meta": "@sys.any",
        "alias": "civil",
        "userDefined": true
      },
      {
        "text": " ",
        "userDefined": false
      },
      {
        "text": "idioma",
        "meta": "@sys.any",
        "alias": "any",
        "userDefined": true
      },
      {
        "text": " ",
        "userDefined": false
      },
      {
        "text": "proposito",
        "meta": "@sys.any",
        "alias": "any1",
        "userDefined": true
      },
      {
        "text": " ",
        "userDefined": false
      },
      {
        "text": "2000",
        "meta": "@sys.unit-currency",
        "alias": "budget",
        "userDefined": true
      }
    ],
    "isTemplate": false,
    "count": 0,
    "lang": "en",
    "updated": 0
  },
  {
    "id": "9cc8db6e-9269-4942-a70e-414034a4649d",
    "data": [
      {
        "text": "Aplicar a Visa 🇨🇦",
        "userDefined": false
      }
    ],
    "isTemplate": false,
    "count": 0,
    "lang": "en",
    "updated": 0
  }
]